{
  "sla_threshold_ms": 800,
  "baseline": {
    "total_requests": 400,
    "successful_requests": 400,
    "failed_requests": 0,
    "p50": 469.55,
    "p95": 1083.14,
    "p99": 1282.27,
    "min": 185.02,
    "max": 1291.14,
    "mean": 517.8978500000001,
    "sla_met": false
  },
  "optimized": {
    "total_requests": 400,
    "successful_requests": 400,
    "failed_requests": 0,
    "p50": 217.39,
    "p95": 477.43,
    "p99": 524.01,
    "min": 130.55,
    "max": 554.98,
    "mean": 238.06185000000002,
    "sla_met": true
  },
  "improvements": {
    "p50_delta_ms": -252.16000000000003,
    "p95_delta_ms": 605.71,
    "p95_improvement_pct": 55.92167217534206,
    "p99_delta_ms": -758.26
  }
}